{"StqpkJJy2+AMePeV8hR12w==":"logo2-277x128.jpg","29lOuwqs8fijFxDmTIEczA==":"logo1-401x128.jpg","9Rvz1W7M2vnvly457TwC6g==":"mecanica-2000x833.jpg","RhrQ2CQUl5gskbKGUzTFUA==":"neumatico-2000x1333.jpg","rfmZ1Fjdq8vOPSo08aPptg==":"neumaticos1-2000x974.png","vKVLDdI5lVFcCQbJazhqiQ==":"neumaticos2-2000x1333.jpg","O8BeMM9GjU8V9DGWSBBGrw==":"baterias-2000x855.jpg","pdyoV2E4VCjHAOsVB+XL6g==":"bateria1-2000x893.jpg","OGPgedHaexFAsXirmXP0SA==":"cambioaceite-2000x1326.jpg","pwzlpSO0Ec5xfUxU+bEO9A==":"mecanica2-2000x1111.jpg","cxotsEhbcoYUdPj7TBAI6A==":"autolavado-2000x1302.jpg","mZdWnLR9a8g/QFUuyV5r8g==":"cambio%20bateria-2000x1019.jpg","QJGQJrLbk1Gie6eLMI/4uQ==":"cambio%20caucho-2000x1334.jpg","H9tNJ2IAaQDgTBiQYMBLrA==":"mehanicar-2000x820.jpg","yoIODB47Nq3wGQ1H9ZtOIA==":"cambio%20aceite%201-2000x1159.jpg","fsAGEvBXzBDPbvX+HLBhMg==":"suspensi%C3%B3n-2000x1385.jpg","loyHh73a+fkMvU9fv3waGw==":"caucho-600x796.jpg","NKdx5Owfd1kQiSnsQk0aoA==":"caucho1-600x337.jpg","yjk199WmmJNp4WaX96w8lQ==":"bateria-600x449.jpg","04HoVOhDBKzQydyMTfficA==":"aceite1-600x600.jpg","16eY3JTl4V960Lbi1qLHeQ==":"aceite2-600x430.jpg","mgi5MIiDmXyp8Nj/8OFc3w==":"auto-600x480.jpg","+1hq4LvBVd6jNX+XIbOpAw==":"baterias%20duncan-2000x1274.jpg","805hnItXigO6ZRfZe4KrgA==":"baterias%20duncan1-2000x1498.jpg","4Fbr5u0L3hE6Xhse+qSxsA==":"baterias%20duncan2-2000x2000.jpg","80HrM8EJGIRvTiybfY+F9w==":"caucho2-600x363.jpg","o/WPQxLLdiHgWWeKc4PFPQ==":"ba-2000x1330.jpg","Rvfaui0oR5nCHwK+ICb6hg==":"fotoduncan-2000x440.jpg","RwKkrgTx1BeW3vyOv2rxyw==":"mbr-2000x1125.jpg","cWhKca6eZm9nTMOK6w92Zw==":"helix-600x746.jpg","a4kfMYGIOzSwSZHjY+eVKg==":"kixx-600x600.jpg","nDCxZQDvOG+ydpe/SqiwOw==":"mobil-600x924.jpg","cPs+OL7k8lKDwyfy0pfnkg==":"helix1-600x772.jpg","Fl9TRfAJsyCBcUqvBJhh2Q==":"descarga-600x921.jpg","gWHICsNjsGWT42GIHRG2ZQ==":"aaa-600x1095.jpg","fAcXweU+qv9aIvmJF51B/A==":"aaaa-600x1070.jpg","vStQbpmwrXJPaLTC+UmogA==":"qqq-600x1070.jpg","hYldZ2FgOanF2zn4RE7aQw==":"aceiteee-600x408.jpg","7Zsj4PLu6KpOiuBwagjGkQ==":"taller-de-servicios-2000x659.jpg","AwbyxKJG3RdAMMfEgxCjHA==":"descarga%20(1)-2000x1330.jpg","QmcJQLjYwIJvJhUDI1AaUA==":"descarga%20(2)-2000x1330.jpg","4daDskT5FhcjG83vyFrN+g==":"images-2000x2000.jpg","8RnFH+lu8KgosrZ1ORy+pg==":"descarga%20(3)-2000x1330.jpg","JwQ0QNyEEb2u3L491YM1Yg==":"descarga%20(4)-2000x1498.jpg","b/SwyWf3JnTy3a0m4qFR+A==":"descarga%20(5)-2000x1601.jpg","yN13Ba9ZxU2VCDFq15bPjQ==":"descarga%20(6)-2000x1246.jpg","K19u2/q02syTou3KVXQ3yA==":"mbr-2000x1334.jpg","F13avZLkNZ/lIDJ60oVGjA==":"mbr-2000x1333.jpg","x5e8FPo7IpkGUwepo22pMQ==":"mbr-1-2000x1333.jpg","aNX5e0hF9cSJBJdL27IhkQ==":"mbr-2-2000x1333.jpg","lD/1M9MftOtFGFcYyuNmUw==":"mbr-3-2000x1333.jpg","jyFFUmNNCgSXcxnJlSlC/A==":"mbr-4-2000x1333.jpg","4MOtK5gndHOzNZcixACN9w==":"mbr-2000x1502.jpg","3hln+d5XjDvhstixxwYaLA==":"mbr-1-2000x1125.jpg","qBoYjUd7FKkYmHWRw7ZYdw==":"mbr-2000x1330.jpg","vg8BlXsnj/c40QN+XQdWGQ==":"mbr-5-2000x1333.jpg","heGWS2Jx5P47a6ccNUDkXA==":"mbr-6-2000x1333.jpg","UNnXoEKkd3ds/LcKTed7zg==":"aceite%20venoco-600x450.png","qDp+Qq87ZfO3po/t1qKM1g==":"aceite%20mercon-600x1264.png","gcihQ/LJt0vowI1tXjyAGA==":"aceite%20castrol-600x600.png","Oeahv3bkgVn+asD+Q1G26Q==":"aceite%20shell%20mineral-600x600.png","yoaDh7pk/cyM8vdIvRm/vw==":"aceite%20shell%20semi-600x600.png","+/84XQnxchlYy6iXdIFmWw==":"aceite%20semi%20venoco-600x600.png","4/nyl6t0SKuzkmi2UWekpA==":"aceite-mercon-v-motorcraft-d_nq_np_352311-mlv20507598758_122015-o-600x304.png","mwVI3Sp+AygGw8YFv7Uvag==":"bateria%20bosch%20800-600x600.jpg","424gbapB9Alxmfc+7FvAJA==":"bateria%20d%201100-600x439.jpg","tRnLQfu+tavAoZsVqHIKoA==":"bateria%20d%20700-600x600.jpg","LjG1mP95S6vZv0XRNSs7PQ==":"bateria%20titan%20700-600x600.jpg","s3hyms40/8hUQpqL1uTJeg==":"bateria%20titan%20800-600x600.jpg","+Ct6H6rOBnbFqjl5EVTRoA==":"bateria%20d%20800-600x430.jpg","ePNjuuXkWnmtW8zqIYu8ZA==":"local-1400x1050.jpg","aBo14RA6O0wMvsaCsml9rQ==":"mbr-1400x1050.jpg","y9Fp7wty0ZhmCE2ithva+Q==":"auto_p-600x630.jpg","4GZNUF1PICt/6a2a8l/3Uw==":"camion_tr88-600x630.jpg","LSw8AS5R6xSaJ1U888TL2Q==":"van_chrono-600x630.jpg","nHN27SwPRNg8PVkOwG9sAg==":"4x4_scorpion-zero-600x630.jpg","sC+X2dTpTWfBZQPVOYo9BQ==":"auto_p-1-600x630.jpg","EX+nnPVJXLxYfOLg7tgMYw==":"auto_p6000-600x630.jpg","OcVytqxPkov81cyyQpx20w==":"p400-600x752.png","Tamw8M5ORQBXWEpl1CTpKg==":"auto_p400-evo-600x630.jpg","li138xDxC9iO/Hj6VL8E2Q==":"mbr-2000x1399.jpg","BnDSHBmg1RSnBcwWQu15Qg==":"local123-1400x785.jpg","7Czbm7GBHqXJFL9AVPLlfw==":"mbr-5-2000x1333.jpg","AaExCUjVsNmprllprTtorA==":"mbr-600x400.jpg","SDmuSYVsafJrdZTno47QGQ==":"mbr-600x277.jpg","QW9W8REs41SN1Vod89W5Gw==":"mbr-1-600x400.jpg","f2loczinVxTpYwOzoUdLCQ==":"oil-600x600.jpg","rJngJ/t5SH2pofiaiItICg==":"oil1-600x399.jpg","2C3Wd08fMifbH354/NqTcQ==":"tires-600x726.jpg","/hnqHQmpVRa1ZXHLuE6skw==":"tires1-600x510.jpg","LMUAyZuzQEOiOPFPFhZi6g==":"tires2-600x539.jpg","8RneLw5Q0+W3rbbkJgDzYw==":"tires3-600x525.jpg","1/Nw/vD4+gk1SPwmmtDHgA==":"battery-600x594.jpg","Jf3LwMsl2/hO+TAMCZMnzQ==":"battery1-600x600.jpg","osRQrxT4UweeWs8dmy85nQ==":"oil4-600x860.jpg","VTwom9GkrtFgASLohvpi4A==":"oil3-600x473.jpg","3ChtcdvWjmG7oKIfBTUCIQ==":"suspencion-2000x1330.jpg","fJPJ5gYBEgHCREV/6VEltA==":"aaaaa-2000x1330.jpg","WPU1n/cjeFyOZCfTLrRVpg==":"frenos-2000x1330.jpg","Jy+wf5/oIAWQluHQx9l0YA==":"frenos1-2000x1189.jpg","J2lDQNEAt6SVG6Lr1rQcJQ==":"frenos2-2000x1330.jpg","wfPJUpfYOoVmDq1yz3mcxg==":"car-2000x1330.jpg","ZrtKsP5823QeElRkcR0Lvw==":"car2-2000x1120.jpg","VWWQN2we6FE5EIDY+RfCOA==":"mbr-6-2000x1333.jpg","0V01+C8Lqx3NCDkB4CL3Fw==":"mbr-2000x1500.jpg","gKreQvIzMpG7NkSCGssdCg==":"mbr-2000x1334.jpg","T8rGxCXBvTnsx+eEsiYMVw==":"alineacion-2000x1688.jpg","QDdR/EvMNBdtjruIvlZ5sw==":"alineacion1-2000x1314.jpg","JSU9N6c0uwYqvKTWN72bJw==":"lavado-2000x1343.jpg","YmzbfBoF4wIKwnv/EruAJg==":"lavado1-2000x1330.jpg","zuRdfa1Q7XYeizxNAS+Jpg==":"freno5-2000x1395.jpg","viVcRgixpWnPD6TgXXXqoA==":"suspension%20-%20copia-2000x1330.jpg","bZlvvrVd1AZ/g9NXvIvhXw==":"suspension1%20-%20copia-2000x1326.jpg","cPXz+p+Q/52ERLvgFfMW4w==":"suspension2%20-%20copia-2000x1498.jpg","pYDCO5HtS14FJ5LEvrpUVw==":"frenos6-2000x1189.jpg","cs/8TQnLmh6Q0tO+D0XzvQ==":"frenos7-2000x1330.jpg"}